Experiment,Train Score,Test Score
Normalized + Bias + Location,34.49577757377323,35.27009045181689
Normalized + Bias,41.37150415040891,41.451659439534225
Normal,41.37150415040977,41.451659439535334
Normalized,140.22319068422215,138.18804691014267
