Experiment,Train Score,Test Score
Normalized + Bias + Location,33.45392562933335,33.67363950906463
Normal,40.45071932134361,40.137229139169314
Normalized + Bias,40.45071932134376,40.13722913916952
Normalized,139.07521092736957,141.128479868764
